snapshot_date,id,name,market_cap,market_cap_change_24h,volume_24h
2025-11-22,smart-contract-platform,Smart Contract Platform,2444872176030.2715,1.0233657358588344,79460532399.61308
2025-11-22,layer-1,Layer 1 (L1),2392124066257.568,1.0394949489741436,75383492609.68222
2025-11-22,proof-of-work-pow,Proof of Work (PoW),1776775803855.6606,1.0031578405011605,49613312835.14868
2025-11-22,world-liberty-financial-portfolio,World Liberty Financial Portfolio,662215988337.5798,0.8809972089707532,88320549574.24243
2025-11-22,proof-of-stake-pos,Proof of Stake (PoS),612921853891.7344,1.1588073452112932,26125366712.810387
2025-11-22,made-in-usa,Made in USA,397115201582.3727,1.6626493013296864,21296203518.184116
2025-11-22,stablecoins,Stablecoins,309287761796.61066,-0.042028011879406434,73591255812.55879
2025-11-22,usd-stablecoin,USD Stablecoin,301395486442.2193,-0.04570156904995287,71386276303.20457
2025-11-22,fiat-backed-stablecoin,Fiat-backed Stablecoin,295764565461.40076,-0.05394003507132895,71067813504.46085
2025-11-22,alleged-sec-securities,Alleged SEC Securities,245679622757.34497,0.8214850092579659,7900298349.6080065
2025-11-22,exchange-based-tokens,Exchange-based Tokens,175987530887.33228,0.8262504946977766,4713751954.918085
2025-11-22,made-in-china,Made in China,159022374356.53738,1.2124777726411426,3105760448.998028
2025-11-22,centralized-exchange-token-cex,Centralized Exchange (CEX) Token,152385065167.01263,1.5019886620451608,1998434031.4237757
2025-11-22,decentralized-finance-defi,Decentralized Finance (DeFi),105835426246.54485,0.13657711285855656,6356981137.519771
2025-11-22,liquid-staking-tokens,Liquid Staking Tokens,66792199737.01912,1.1922881068608775,280029479.682709
2025-11-22,liquid-staking,Liquid Staking,62642680840.20836,1.3233561061369066,509199559.1794473
2025-11-22,asset-backed-tokens,Crypto-Backed Tokens,60901360254.192345,1.5170313051963147,2466263743.189365
2025-11-22,wrapped-tokens,Wrapped-Tokens,59759941716.295,1.8357554290167875,2378188489.076178
2025-11-22,real-world-assets-rwa,Real World Assets (RWA),53515386793.996,0.9296782678061815,1759929453.7798972
2025-11-22,meme-token,Meme,45540270874.793274,0.845654044820064,4324675306.400929
2025-11-22,governance,Governance,36785794213.37418,-2.199387686336325,3452696107.158226
2025-11-22,liquid-staked-eth,Liquid Staked ETH,30658492306.781025,1.585676221944599,71074600.68646483
2025-11-22,dog-themed-coins,Dog-Themed,28760187145.104008,1.2330903336948633,2041031027.8653073
2025-11-22,infrastructure,Infrastructure,27605252637.314648,0.009517638313162349,3809579800.4061084
2025-11-22,4chan-themed,4chan-Themed,25006183354.667477,1.2676771869590189,1999060914.9280045
2025-11-22,decentralized-exchange,Decentralized Exchange (DEX),23609294250.59161,-3.3993357230235084,2740867777.0270157
2025-11-22,bridged-tokens,Bridged-Tokens,22855269506.447285,0.7444382672315167,3110129761.9871836
2025-11-22,elon-musk-inspired-coins,Elon Musk-Inspired,21670474785.20176,1.387875663595436,1525614039.0292997
2025-11-22,artificial-intelligence,Artificial Intelligence (AI),19946090560.6935,-0.7133919171779435,2879201556.170693
2025-11-22,privacy-coins,Privacy Coins,19776687397.15324,6.74987110056163,3120794460.6673317
2025-11-22,tokenized-btc,Tokenized BTC,18222331709.548756,1.920312751962059,568314227.521728
2025-11-22,binance-alpha-spotlight,Binance Alpha Spotlight,18130726144.443787,-0.9701854409988301,4224996362.8823504
2025-11-22,bridged-stablecoins,Bridged Stablecoin,17713804858.66268,0.5564845861616142,2081387516.40512
2025-11-22,yzi-labs-portfolio,YZi Labs (Prev. Binance Labs) Portfolio,17052982571.803194,-0.2899195371828068,3196308745.0708227
2025-11-22,defi-pulse-index-dpi,Index Coop Defi Index,15066913140.288343,0.42155475766217104,1082296893.874079
2025-11-22,decentralized-perpetuals,Perpetuals,14631138531.446545,-4.202678231100694,1459960553.151019
2025-11-22,tokenized-private-credit,Tokenized Private Credit,14179045142.802803,-0.17429961211779324,7264132.5791661
2025-11-22,yield-bearing-stablecoins,Yield-Bearing Stablecoin,14042302041.792835,0.013731132328756562,102274536.14993207
2025-11-22,bridged-usdt,Bridged USDT,14024339015.872911,0.6595881077726635,1720101956.9164987
2025-11-22,zero-knowledge-zk,Zero Knowledge (ZK),13579428484.992582,2.105195828375178,3701213601.7299314
2025-11-22,restaking,Restaking,12745293080.25399,1.7842622354955568,762266491.0475094
2025-11-22,depin,DePIN,11952910556.422874,0.18364019533425843,950118901.6150521
2025-11-22,layer-2,Layer 2 (L2),11568657064.12741,-0.9403148377569269,1675776039.3954625
2025-11-22,bitcoin-fork,Bitcoin Fork,11436600539.023752,0.9566460699549837,767618125.6608595
2025-11-22,chain-abstraction,Chain Abstraction,11299444279.062834,1.9105397597279823,919395976.4617678
2025-11-22,liquid-restaking-tokens,Liquid Restaking Tokens,11215935140.632912,2.487623336002531,78304091.3174174
2025-11-22,rwa-protocol,RWA Protocol,10976632384.300718,2.36202332349978,718174847.5443959
2025-11-22,decentralized-derivatives,Derivatives,10909346737.03668,-5.541571361503958,865831412.3415852
2025-11-22,superchain-ecosystem,Optimism Superchain Ecosystem,10870225934.7711,1.969089633794965,796958996.0135069
2025-11-22,yield-farming,Yield Farming,10772585832.241678,0.04731903363947033,1242911707.1305258
2025-11-22,quantum-resistant,Quantum-Resistant,10672465133.005749,14.788036467664508,3060677701.7318935
2025-11-22,stablecoin-issuer,Stablecoin Issuer,10543146636.673073,1.4747768010827562,1397991104.3615448
2025-11-22,cross-chain-communication,Cross-chain Communication,10461694160.908733,1.2637343451541405,861778959.8072981
2025-11-22,synthetic-dollar,Synthetic Dollar,10353343703.328962,-0.5552039992032027,152044568.27223808
2025-11-22,oracle,Oracle,9927113775.149412,1.9201866289203353,749088782.9872813
2025-11-22,non-fungible-tokens-nft,NFT,9491947640.995974,-0.1925766818641962,1464532919.8647585
2025-11-22,x402-ecosystem,x402 Ecosystem,9472925543.142063,1.8090555848932675,698588955.3666161
2025-11-22,automated-market-maker-amm,Automated Market Maker (AMM),9155816141.382906,-0.39759114584617283,1048246712.9504037
2025-11-22,binance-launchpool,Binance Launchpool,8842556466.061806,-1.2090672307660726,1473330487.0620968
2025-11-22,cybersecurity,Cybersecurity,8795422022.117064,2.0484727716250166,563253521.4945924
2025-11-22,crypto-backed-stablecoin,Crypto-backed Stablecoin,8671054981.573965,-0.2773005482988984,115190591.53976165
2025-11-22,trump-affiliated-tokens,Trump-Affiliated,8127708348.545523,1.4789386782606875,881837182.503637
2025-11-22,ether-fi-ecosystem,Ether.fi Ecosystem,8017950507.9433365,1.0597922792569552,109190680.50205229
2025-11-22,layer-0-l0,Layer 0 (L0),7746987440.228874,-1.7738224037419772,414149354.1103296
2025-11-22,directed-acyclic-graph-dag,Directed Acyclic Graph (DAG),7436513195.647667,2.4070505562835187,203818588.93474004
2025-11-22,tokenized-products,Tokenized Assets,7305655289.559379,-0.007277185124506682,514171825.41152054
2025-11-22,gaming,Gaming (GameFi),6802400593.6856365,-0.41360129911433097,991913508.5469316
2025-11-22,privacy-blockchain,Privacy Blockchain,5648346432.325133,-7.479550529956293,774607002.1306783
2025-11-22,launchpad,Launchpad,5612571870.798006,0.20049915626657827,784510223.9343703
2025-11-22,solana-meme-coins,Solana Meme,5265903297.520501,1.232709093179771,1193603751.7936153
2025-11-22,liquid-staked-sol,Liquid Staked SOL,4928630814.437206,0.7763743206399307,40038708.68925156
2025-11-22,lending-borrowing,Lending/Borrowing Protocols,4768267221.446978,2.4244795272852504,506915619.7245543
2025-11-22,tokenized-commodities,Tokenized Commodities,4233024836.2441382,0.06469274443934456,452217186.3769918
2025-11-22,neobank,Neobank,4188514825.4188337,4.622617212600667,274210814.6509283
2025-11-22,tokenized-gold,Tokenized Gold,3957363128.768934,0.012143095186440654,451762906.3723402
2025-11-22,binance-hodler-airdrops,Binance HODLer Airdrops,3706607521.032871,1.1381261833893457,2267817800.0525746
2025-11-22,binance-launchpad,Binance Launchpad,3483197160.8691597,-1.0080307042639667,379040746.8341679
2025-11-22,ai-agents,AI Agents,3482768972.7939973,1.0820447120336318,829247839.483706
2025-11-22,wallets,Wallets,3466888030.476057,-1.4651854199155052,138285702.4672846
2025-11-22,play-to-earn,Play To Earn,3422336046.0159755,-0.8614253156341898,339517178.22025
2025-11-22,data-availability,Data Availability,3374004058.834324,-0.7493989638401681,423516815.894016
2025-11-22,metaverse,Metaverse,3326585285.6546445,0.9092959213176556,388567015.0405507
2025-11-22,rollup,Rollup,3257492659.918303,-7.404799025583015,894750073.5021323
2025-11-22,bridged-usdc,Bridged USDC,3191397543.115982,0.18411421393250305,296805460.97456354
2025-11-22,socialfi,SocialFi,2894271551.671973,-1.049547458802585,329274495.48377335
2025-11-22,payment-solutions,Payment Solutions,2700921498.87627,2.0382742481558096,128786989.22765674
2025-11-22,storage,Storage,2673669139.2919703,-0.14465710877400823,233137116.382572
2025-11-22,binance-peg-tokens,Binance-Peg Tokens,2662707826.7615447,1.5251387866805,110179329.58554552
2025-11-22,identity,Decentralized Identifier (DID),2617764050.012394,1.639902343452721,217837609.4921545
2025-11-22,frog-themed-coins,Frog-Themed,2533024824.8362346,-0.018632977857188555,423673008.70434225
2025-11-22,the-boy-s-club,The Boyâ€™s Club,2416482015.6754313,-0.1766351761158345,385040434.7989308
2025-11-22,internet-of-things-iot,Internet of Things (IOT),2232145779.424332,0.2655736367947786,125498446.65699106
2025-11-22,mobile-mining,Mobile Mining,2112314501.0967488,3.543440427386161,49668884.4622346
2025-11-22,us-treasury-backed-stablecoin,US Treasury-backed Stablecoin,2027707833.1990242,1.4492260538176005,3528618.512054628
2025-11-22,bridged-weth,Bridged WETH,2005128803.929556,1.2662829348235478,746307622.4953936
2025-11-22,ai-framework,AI Framework,1992488975.0452714,4.896726603203876,930545267.1199844
2025-11-22,lp-tokens,LP Tokens,1930230981.6970875,0.1234065724315412,45127215.265147336
2025-11-22,yield-bearing-tokens,Yield-Bearing,1918285798.8171365,0.2856123921850922,7351027.035823565
2025-11-22,ai-agent-launchpad,AI Agent Launchpad,1860506929.0583777,-0.8156357458937034,443707978.7126232
2025-11-22,pump-fun,Pump.fun Ecosystem,1796295872.0972953,2.028548668266018,439645264.9861338
2025-11-22,gaming-blockchains,Gaming Blockchains,1777125666.1306715,-1.7435735378502983,193904218.94135335
2025-11-22,tokenized-t-bills,Tokenized Treasury Bills (T-Bills),1757513261.9406247,-0.731291754723659,890597.9736193819
2025-11-22,liquid-staked-btc,Liquid Staked BTC,1710557334.6531823,-0.6427968935843591,12135505.176139835
2025-11-22,sidechain,SideChain,1693277515.7801595,-2.3091464693535793,81480949.48523863
2025-11-22,masternodes,Masternodes,1574405657.6311035,-1.5651951100257042,271149963.7447003
2025-11-22,analytics,Analytics,1541937852.9353068,-2.121675376360197,595286927.2865341
2025-11-22,gaming-utility-token,Gaming Utility Token,1479641845.8946521,-1.121021807621858,176966973.85521516
2025-11-22,politifi,PolitiFi,1451498522.8663626,1.1418200746279008,331199822.77368724
2025-11-22,morpho-ecosystem,Morpho Ecosystem,1425031455.4676366,-0.45201704739938,13431818.893292207
2025-11-22,gambling,Gambling (GambleFi),1398873161.308698,0.39474944775636006,18118856.144022055
2025-11-22,dex-aggregator,Dex Aggregator,1281316158.4525075,1.37127927198132,157289504.14102116
2025-11-22,ai-meme-coins,AI Meme,1258564875.1533904,5.065704066900364,300061722.6665234
2025-11-22,airdropped-tokens-by-nft-projects,Airdropped Tokens by NFT Projects,1257437804.1521025,0.35627829983470594,207141501.36139965
2025-11-22,binance-wallet-ido,Binance Wallet IDO,1249617778.941169,3.228550178653734,802900708.1073798
2025-11-22,liquid-staking-governance-tokens,Liquid Staking Governance Tokens,1237784791.1675467,0.8499400475789133,187818720.5486539
2025-11-22,ip-meme,IP Meme,1234683064.5338585,-0.864561678400459,201517488.38246766
2025-11-22,bitcoin-layer-2,Bitcoin Sidechains,1225870693.6652248,-2.5180319015877948,74683324.78473492
2025-11-22,bridged-wbtc,Bridged WBTC,1189956416.7956223,1.4363456942585315,105059301.29778408
2025-11-22,prediction-markets,Prediction Markets,1115722774.2080393,0.2037642581196073,25569038.66071186
2025-11-22,name-service,Name Service,1085218998.083906,-1.0304089233153704,41861995.15681194
2025-11-22,ai-applications,AI Applications,1064281879.7604431,-3.9023228006209028,319968812.2303755
2025-11-22,virtuals-protocol-ecosystem,Virtuals Protocol Ecosystem,983798566.1646545,3.4891231407023513,176665036.95528406
2025-11-22,decentralized-options,Options,948530868.9367578,0.4633443070767779,10718591.935807941
2025-11-22,sports,Sports,940386484.3541261,-0.14072804597346597,130041997.15375878
2025-11-22,robotics,Robotics,939465513.6292825,0.10217305562844703,162123057.53129986
2025-11-22,modular-blockchain,Modular Blockchain,914635592.6352935,-5.022847374317629,154291199.4666548
2025-11-22,gaming-governance-token,Gaming Governance Token,909730374.8752705,-0.40419915770712656,153058182.03880504
2025-11-22,telegram_apps,Telegram Apps,899746435.6977031,0.18107322262498945,169056290.7741945
2025-11-22,parallel-evm,Parallelized EVM,881698397.8036758,-0.6393039146954957,65744901.720295615
2025-11-22,btcfi,BTCfi Protocol,855066607.1470422,-0.41775686758825015,156769726.40661484
2025-11-22,cat-themed-coins,Cat-Themed,848336871.8379915,5.088642155638305,137941012.37589225
2025-11-22,liquid-restaking-governance-token,Liquid Restaking Governance Tokens,845106073.4427904,-2.543639915113923,128240458.69148462
2025-11-22,curve-ecosystem,Curve Ecosystem,842307775.9507728,0.09928750812712675,96896996.21433607
2025-11-22,defai,DeFAI,823752221.4988748,3.510727681936761,123330526.89114729
2025-11-22,account-abstraction,Account Abstraction,792899964.1900855,-0.15362375799644346,143851228.56344292
2025-11-22,ip,IP,792750635.4560999,-5.127139264826814,52295564.96358141
2025-11-22,bittensor-subnets,Bittensor Subnets,778733527.096144,-1.976152274076464,31699716.70031719
2025-11-22,tokenized-treasury-bonds-t-bonds,Tokenized Treasury Bonds (T-Bonds),777120318.7014519,0.08073584602622727,12613.892754211969
2025-11-22,entertainment,Entertainment,776916839.7086377,-1.3461413570611507,147714550.16906556
2025-11-22,simulation-games,Simulation Games,761382005.339263,-0.23154836118270977,83506599.23306046
2025-11-22,murad-picks,Murad Picks,745711635.0487423,-0.7215744697443658,63699934.28199434
2025-11-22,rpg,RPG,725261996.2582958,-1.2013624910822003,121101313.80642547
2025-11-22,buidlpad-launchpad,Buidlpad Launchpad,707373507.820924,0.11109899466213165,490782041.70293236
2025-11-22,bridged-dai,Bridged DAI,664492362.176508,-0.05163943360397791,22274465.937927235
2025-11-22,eur-stablecoin,EUR Stablecoin,656492818.6079321,0.4634803464058576,107374474.91235135
2025-11-22,vpn,VPN,645605176.5288017,-1.4462607769926483,12064696.770594778
2025-11-22,bridge-governance-tokens,Bridge Governance Tokens,611394089.5443354,0.19766142859099298,106925256.32749046
2025-11-22,algorithmic-stablecoin,Algorithmic Stablecoin,603871128.9880284,0.6509361731184762,17992289.832073983
2025-11-22,cefi,CeFi,600388454.8379555,5.318439209326675,308887164.2228719
2025-11-22,synthetic,Synthetic,592742104.7770482,-0.7197090268599765,51606608.0950491
2025-11-22,gaming-platform,Gaming Platform,581462605.4183921,0.30560303136683137,125926568.01286277
2025-11-22,base-meme-coins,Base Meme,579232423.222807,9.717977113032855,110435756.64138435
2025-11-22,mev-protection,MEV Protection,547563616.7887112,0.047964626191967306,42170857.81325321
2025-11-22,lsdfi,LSDFi,528729571.8450877,2.3029526997500267,498550691.6247428
2025-11-22,liquid-restaked-eth,Liquid Restaked ETH,497979499.2702568,33.94811001503527,4218218.473883553
2025-11-22,on-chain-gaming,On-chain Gaming,494291716.51118475,-1.3350895400284895,40920320.78692679
2025-11-22,decentralized-science-desci,Decentralized Science (DeSci),491014348.85002285,1.3365616696235227,36611022.47548607
2025-11-22,aave-tokens,Aave Tokens,488821230.8580683,1.0396513272973893,75806317.12596561
2025-11-22,stock-market-themed,Stock market-themed,486876358.9274348,2.0629202100488646,20133610.86377068
2025-11-22,tokenfi-launchpad,TokenFi Launchpad,479158258.5036388,-1.19883683703851,44265637.95328272
2025-11-22,hyperunit-ecosystem,Hyperunit Ecosystem,478594275.8844767,0.15569066985559082,114421075.83442342
2025-11-22,four-meme-ecosystem,Four.meme Ecosystem (BNB Memes),464420911.98586774,8.338678732992,312980494.22231597
2025-11-22,yield-aggregator,Yield Aggregator,441433965.839693,-0.32128988559041516,38916579.01679154
2025-11-22,midas-liquid-yield-tokens,Midas Liquid Yield Tokens,440056282.5012316,-0.33310893328278013,136741.38498772524
2025-11-22,infofi,InfoFi,437262810.58748347,-0.6334773184009632,34384790.57871175
2025-11-22,communication,Communication,402592547.45760024,-4.702219921029898,31877564.62152163
2025-11-22,fixed-interest,Fixed Interest,400248071.4934606,0.25692974707251354,32082994.05947922
2025-11-22,seigniorage,Seigniorage,396004196.37805754,1.189689596211908,17705566.174752552
2025-11-22,rebase-tokens,Rebase Tokens,393628544.0997315,0.7306385530862015,267723.3017286599
2025-11-22,echo-launchpad,Echo Launchpad,392196882.654752,-1.336263360822724,115415248.12627459
2025-11-22,synthetic-issuer,Synthetic Issuer,383788340.88603395,-1.7801833051989426,50091374.08985663
2025-11-22,yield-tokenization,Yield Tokenization Protocol,371083984.192166,0.24387240725723772,31648955.82035743
2025-11-22,avalanche-subnet,Avalanche L1,366472297.9475277,-3.2842200358169857,76745801.37052499
2025-11-22,lrtfi,LRTfi,363511693.43044925,1.437263910871651,31693490.767186165
2025-11-22,appchains,Appchains,361106797.90080637,-1.1899394257334317,54837555.12130815
2025-11-22,intent,Intent,337969641.77437305,-3.1039501537189462,80933304.48376627
2025-11-22,impossible-launchpad,Impossible Finance Launchpad,325243278.8248142,-1.3432580010434176,51475201.6358102
2025-11-22,gaming-marketplace,Gaming Marketplace,322757397.702198,0.4406881064942283,68275881.4984803
2025-11-22,ondo-tokenized-assets,Ondo Tokenized Assets,314784143.101447,0.8395661057478455,9801154.333116293
2025-11-22,card-games,Card Games,304369753.89005303,-3.798489120323418,40519908.86955326
2025-11-22,education,Education,303527826.9957253,-2.2628641001154537,14344793.296173299
2025-11-22,terminal-of-truths,Terminal of Truths,268758500.5657858,1.2381901248594684,144985478.34846509
2025-11-22,tradable-ecosystem,Tradable Ecosystem,268513103.5777201,0.31028923619566046,0.0
2025-11-22,nft-marketplace,NFT Marketplace,261403040.64818054,-5.6459400439855445,260175393.63837746
2025-11-22,yearn-yfi-partnerships-mergers,Yearn Ecosystem,259647047.17026296,0.14240754704894956,28677213.019692928
2025-11-22,nftfi,NFTFi,247014563.2742511,1.9203098492861566,31334699.40396378
2025-11-22,fan-token,Fan Token,233653357.08763558,1.1214871353672313,65429234.86409641
2025-11-22,rollups-as-a-service-raas,Rollups-as-a-Service (RaaS),231809382.8670178,-4.950978047629125,77388120.83873947
2025-11-22,yield-optimizer,Yield Optimizer,224431871.08345202,1.206679591590881,8130867.143193786
2025-11-22,axie-infinity,Axie Infinity Ecosystem,217536423.6466787,-1.6513109930599383,20842625.913236942
2025-11-22,arcade-games,Arcade Games,198325943.39625183,6.641860586444462,44114413.19300235
2025-11-22,layer-3-l3,Layer 3 (L3),193752993.40966952,-2.085059507529458,51417472.870275386
2025-11-22,synths,Synthetic Asset,191025418.3577435,0.8277479619546385,9249797.200667746
2025-11-22,chinese-meme,Chinese Meme,190141482.1102034,-0.3181018380801325,24215703.87927623
2025-11-22,breeding,Breeding,190127151.86105877,-0.8422408857415634,16479446.77037799
2025-11-22,centralized-exchange-cex-product,Centralized Exchange (CEX) Product,189816242.7037803,-0.30032938162532824,12754164.403919628
2025-11-22,e-commerce,E-commerce,188782997.15795046,0.011293235391299148,6399815.426804389
2025-11-22,tokenized-silver,Tokenized Silver,187952786.71266225,0.5545575053266338,28176.847303454808
2025-11-22,insurance,Insurance,182959744.64794573,3.2558410773724566,806817.4632372443
2025-11-22,zoo-themed,Zoo-Themed,180388773.12030938,-0.17762671514104092,44168102.71824564
2025-11-22,olympus-pro,Olympus Pro Ecosystem,171654612.26659802,-2.5345625970283985,48307495.73761066
2025-11-22,retail,Retail,171288671.87766206,1.0865197197014016,30344436.65564858
2025-11-22,compound-tokens,Compound Tokens,168400498.9020883,1.728529579451128,1438.0328490468169
2025-11-22,metagovernance,Metagovernance,166508666.20610973,0.19725828888729333,5608072.551639413
2025-11-22,defi-index,DeFi Index,157510041.42068112,1.988124564849067,2266977.560984748
2025-11-22,massively-multiplayer-online-mmo,MMO,156707838.90356553,0.5406529296875618,67445531.13135968
2025-11-22,runes,Runes,155082447.0202511,2.9457519883963865,4683108.533926435
2025-11-22,daomaker-ecosystem,DaoMaker Launchpad,154548999.34144184,0.6479459852783352,44203022.68899618
2025-11-22,xstocks-ecosystem,BackedFi xStocks Ecosystem,154413183.05200413,4.346196219919656,44787480.59139766
2025-11-22,letsbonk-fun-ecosystem,BONK.fun Ecosystem,151313291.23001787,2.1089621433842067,55247953.307474755
2025-11-22,action-games,Action Games,150514612.8978025,1.8537547254449096,41812376.619483225
2025-11-22,bitcoin-meme,Bitcoin Meme,145568368.0556771,3.1481482117737305,4279199.155501604
2025-11-22,energy,Energy,144772362.07820702,1.0659571915191355,20533811.276274137
2025-11-22,wojak-themed,Wojak-Themed,139770425.01262164,-8.17020060091482,11156165.284625225
2025-11-22,tokenized-stock,Tokenized Stock,137798679.77894402,4.793163129664076,43059198.50361053
2025-11-22,inscriptions,Inscriptions,136933444.2493262,-7.465943942821189,43175217.89547993
2025-11-22,clanker-ecosystem,Clanker Ecosystem,129965544.58975193,1.7061620820491439,23291084.91189924
2025-11-22,brc-20,BRC-20,124676910.4615265,0.20066553020615516,42819480.39814541
2025-11-22,real-estate,Tokenized Real Estate,122918876.62044887,-0.07071899355108709,16181008.189870233
2025-11-22,eco-friendly,Regenerative Finance (ReFi),120027760.46004696,1.4379037620777044,3026291.969417854
2025-11-22,healthcare,Healthcare,119999761.28668228,6.524342411294707,2396070.108185585
2025-11-22,hybrid-token-standards,Hybrid Token Standards,117147816.89130232,-7.9082244064772595,7338792.822283317
2025-11-22,marketing,Marketing,117084735.48195754,4.7746229944507315,37970014.96530734
2025-11-22,adventure-games,Adventure Games,115846341.35700327,-0.7827448865559592,23148218.296669595
2025-11-22,strategy-games,Strategy Games,114372244.55931316,-2.3957421775652525,25091626.0517224
2025-11-22,tap-to-earn,Tap to Earn,111824886.27986653,-2.690871775467553,27543512.097419452
2025-11-22,tiktok-meme,TikTok Meme,107011467.47832093,-0.08177421224944244,26040774.10398595
2025-11-22,move-to-earn,Move To Earn,103246170.47857405,4.252192135344143,23611377.05635934
2025-11-22,trading-bots,Trading Bots,102624318.10144967,-12.073664511897759,27751874.70065316
2025-11-22,legal,Legal,101798667.45851451,0.8796446022524775,1097677.9818521203
2025-11-22,binance-megadrop,Binance Megadrop,101469691.81553753,0.15328828133853994,28112000.54686804
2025-11-22,parody-meme-coins,Parody Meme,94709264.17046827,1.5522680554607373,11326333.235072898
2025-11-22,celebrity-themed-coins,Celebrity-Themed,92904045.55598305,-5.847738109459295,12251618.174774274
2025-11-22,ton-meme-coins,TON Meme,92553717.56642349,-3.25870864640023,21742075.959035333
2025-11-22,farcaster-ecosystem,Farcaster Ecosystem,92214721.38734825,0.2870238352114873,11544102.256237157
2025-11-22,sports-games,Sports Games,91644114.08714773,0.1833542566508316,17144329.17719123
2025-11-22,music,Music,90013822.44017205,-0.18138536003763328,20323221.30920111
2025-11-22,metadao-launchpad,MetaDAO Launchpad,86774659.84054145,-4.110719488752087,7465391.115879325
2025-11-22,believe-app-ecosystem,Believe.app Ecosystem,84265292.68771891,1.716302289735161,13299148.294794973
2025-11-22,memorial-themed,Memorial Themed,83986816.82929951,-1.6391022257034185,19804054.241363388
2025-11-22,commodity-backed-stablecoin,Commodity-backed Stablecoin,80826519.0852708,1.6551596141776532,159702.79437595827
2025-11-22,capital-launchpad,Capital Launchpad,80391674.67094617,-2.9344107215949884,49085750.89835342
2025-11-22,guild-scholarship,Guild and Scholarship,78792225.53549471,-2.381213905018411,22944281.106528524
2025-11-22,discord-bots,Discord Bots,76282845.552013,0.805351224401118,11998076.09176462
2025-11-22,liquid-staked-apt,Liquid Staked APT	,74074052.1450546,-0.9973238769002546,96461.94135515102
2025-11-22,poolz-finance-launchpad,Poolz Finance Launchpad,72307856.16462363,-15.702820308270093,40419086.63694482
2025-11-22,quest-to-earn,Quest-to-Earn,67382442.07184003,-4.365145296931917,7754763.448236559
2025-11-22,desci-meme,Desci Meme,67108014.25237095,-0.23470905607845807,3562197.1064679897
2025-11-22,chaingpt-pad,ChainGPT Launchpad,64685780.91853402,-1.4776195338078286,18558647.628363505
2025-11-22,nft-strategy-flywheel,NFT Strategy Flywheel,64248558.8826783,8.297161643051448,773712.9724692825
2025-11-22,augmented-reality,Augmented Reality,63019181.60522692,-7.16021147892215,1661291.066940749
2025-11-22,anime-themed-coins,Anime-Themed,60646661.456009954,-2.768494763826528,43881370.17552655
2025-11-22,charity,Charity,59969034.62404872,2.3243429013155237,2205096.985867585
2025-11-22,nftstrategy-ecosystem,NFTStrategy Ecosystem,59808386.13800936,8.416112106887681,746488.457779404
2025-11-22,liquid-restaked-sol,Liquid Restaked SOL,56289177.61456507,0.8175276123200792,165333.13960334097
2025-11-22,tourism,Tourism,51759806.96033618,-5.38896843561583,47811777.901317865
2025-11-22,game-studio,Game Studio,44454639.47454108,-0.4981671754094539,8277180.254893704
2025-11-22,sui-meme,Sui Meme,36882030.702345625,-0.7289756994059138,8891864.387558501
2025-11-22,wall-street-bets-themed-coins,Wall Street Bets Themed,36324404.11237815,-3.886072931871218,1773704.4397826646
2025-11-22,shooting-games,Shooting Games,36134091.011437185,1.7741669240613323,8217665.316776304
2025-11-22,ohm-fork,Ohm Fork,35600491.448241726,-0.42056815298669636,4715.856589417425
2025-11-22,racing-games,Racing Games,31337001.105237633,0.9630741141809904,496413.1277005008
2025-11-22,token-2022,Solana Token-2022,26455127.818840843,-0.6812070616862179,1711932.1970489565
2025-11-22,fractionalized-nft,Fractionalized NFT,25306215.028706834,-1.8188268995272185,1205214.2423432572
2025-11-22,tokenized-exchange-traded-funds-etfs,Tokenized Exchange-Traded Funds (ETFs),25027328.452827733,0.7381397666807219,1802204.5636974934
2025-11-22,camelot-launchpad,Camelot Launchpad,23758992.698231034,3.644535973506205,739073.8957206957
2025-11-22,leveraged-token,Leveraged Token,22750820.753299642,5.588177473647813,329265.2187535335
2025-11-22,mascot-themed,Mascot-Themed,22054957.778674357,0.3576999285919834,3357692.2823342206
2025-11-22,tron-meme,TRON Meme,21368218.72589604,3.5260415120267736,6259559.419316242
2025-11-22,virtual-reality,Virtual Reality,20648695.729120277,1.1752633953132303,1977502.1508610768
2025-11-22,nft-launchpad,NFT Launchpad,19372332.066779748,-1.2652060915702728,140897.4535541421
2025-11-22,moonshot-ecosystem,Moonshot Ecosystem,19119964.73333098,-2.9489375575563277,3547102.5177779496
2025-11-22,yield-tokenization-product,Yield Tokenization Product,17000668.585386656,-7.597084223983145,9171.429973265136
2025-11-22,paal-ai,PAAL AI Launchpad,16754350.494492365,1.4725455661805456,1833917.1192712868
2025-11-22,sun-pump-ecosystem,Sun Pump Ecosystem,16197734.937998196,4.872213158032118,5843870.520782872
2025-11-22,zora-creator-coins,Zora Creator,16178329.988752762,69.46092529484955,4116669.4024670906
2025-11-22,nft-lending-borrowing,NFT Lending/Borrowing,15554209.614407193,4.176294595542122,2336857.350638305
2025-11-22,jpy-stablecoin,JPY Stablecoin,15188914.603464138,-0.2895963483412032,160646.94443644592
2025-11-22,tokensets,TokenSets Ecosystem,14628817.623546407,1.6775683345325483,21971.02833721061
2025-11-22,sgd-stablcoin,SGD Stablcoin,14403357.915562935,0.10081861285638162,831174.3338344749
2025-11-22,liquid-staked-sui,Liquid Staked SUI,13721482.019749325,-0.8118001333228018,4442092.607334394
2025-11-22,wormhole-assets,Wormhole Assets,13316147.964703139,-3.0464606243416044,46418917.66807527
2025-11-22,gotchiverse,Gotchiverse,13202005.900908418,1.6077454570237872,1835889.773418487
2025-11-22,creatorbid-ecosystem,CreatorBid Ecosystem,13039944.232890455,3.06802243038573,78112.2347344601
2025-11-22,idr-stablecoin,IDR Stablecoin,11556041.312731663,0.7301723058387876,4622.395692144707
2025-11-22,realt-tokens,RealT Tokens,11461195.44379177,-0.8121487319905948,135.180403495114
2025-11-22,animal-racing,Animal Racing,10775863.674466932,0.3597644176499435,258347.54714049492
2025-11-22,trading-card-rwa-platform,Trading Card RWA Platform,10225530.555044582,-1.1303361030746113,1243390.53363101
2025-11-22,recruitment-solutions,Recruitment,9589648.406407382,-11.232659758892495,7712231.717908468
2025-11-22,cny-stablecoin,CNY Stablecoin,8772088.786257721,5.211124571813042,387829.6074295118
2025-11-22,bridged-wsteth,Bridged wstETH,7805656.5719663035,0.9911245152991238,2235384.365765379
2025-11-22,country-themed-meme-coins,Country-Themed Meme,7348001.192982069,-1.4999091425131028,762691.1969315641
2025-11-22,reddit-points,Reddit Points,7210530.87468324,48.12914240050776,1731237.6351068912
2025-11-22,market-making-solution,Market-Making Solution,7133120.391438711,-0.6931292789027759,444953.7283376175
2025-11-22,fighting-games,Fighting Games,6833676.799598092,-0.011614005908403254,830131.2349780346
2025-11-22,decentralized-lottery,Decentralized Lottery,6720743.207914261,0.6694803936370142,1704694.9305385372
2025-11-22,christmas-themed,Christmas Themed,6388043.186701183,-8.582766539294212,1085572.8543605853
2025-11-22,bridged-frax,Bridged FRAX,5460737.248150577,-0.02526631198600724,292361.1372084942
2025-11-22,farming-as-a-service-faas,Farming-as-a-Service (FaaS),5376516.445920502,1.095090432254835,5944.147197563869
2025-11-22,spl22,SPL22,4060239.67130945,0.8565842172494182,39877.73320581657
2025-11-22,prestocks-ecosystem,PreStocks Ecosystem,3995285.4154835166,0.3737164746580928,1102955.5403951588
2025-11-22,erc-404,ERC 404,3566558.3067180947,0.47627855348112286,266268.11576629954
2025-11-22,bagsapp-ecosystem,BagsApp Ecosystem,3097941.9408702743,1.8222838533697105,154044.87089888947
2025-11-22,pump-fun-creator,Pump.fun Creator,2707700.4279086622,10.734196631447391,178823.88608191218
2025-11-22,gbp-stablecoin,GBP Stablecoin,1985859.5495935562,-0.02905302986376219,32807.93683197741
2025-11-22,drc-20,DRC-20,1715892.4768675761,-86.6585508935002,52.60770268684015
2025-11-22,kommunitas,Kommunitas Launchpad,1148200.3089897223,-5.583779099285663,141419.4983928212
2025-11-22,zodiac-themed,Zodiac-Themed,1145650.248627847,3.0444476456815424,1923.7014062997532
2025-11-22,daos-fun-ecosystem,daos.fun Ecosystem,1121339.4671907623,2.5508801204275584,247066.67550356162
2025-11-22,pump-science-ecosystem,Pump Science Ecosystem,971951.9638632525,1.5153452817654811,452503.5853644987
2025-11-22,nft-index,NFT Index,903218.9206868148,1.9264243458201213,4209.04171069634
2025-11-22,emoji-themed,Emoji-Themed,639238.4854222778,2.645331813030686,4567.860721604857
2025-11-22,duck-themed-coins,Duck-Themed,554046.6979885035,0.849876464447412,1691.8898728648383
2025-11-22,spore-fun-ecosystem,Spore.fun Ecosystem,498037.62753807113,1.666023121656331,81195.41665126616
2025-11-22,flaunch-ecosystem,Flaunch Ecosystem,364069.38875598344,2.9463655549879215,714.8032296076237
2025-11-22,time-fun-ecosystem,Time.fun Ecosystem,351658.2284087903,-0.4582786814310094,10528.564343012702
2025-11-22,farming-games,Farming Games,329234.3643398681,-0.2007566013119164,486.31914562791206
2025-11-22,krw-stablecoin,KRW Stablecoin,279617.5087970064,0.03730004835993904,12233.46017773998
2025-11-22,sticker-themed-coin,Sticker-Themed Coins,121584.01616105327,10.185550530199576,54173.13424951514
2025-11-22,erc20i,ERC20i,111501.35137739938,0.30240213519125086,4632.247116847827
2025-11-22,stx-city-ecosystem,STX.CITY Ecosystem,96092.87183466456,-8.603528304649068,107.9201396975338
2025-11-22,etf,ETF,25106.331315481115,0.13832121857244026,9778.211608892052
2025-11-22,yearn-vault-tokens,Yearn Vault Tokens,12317.466056341027,0.9369830232291744,9665.5967068558
2025-11-22,hyperxpad-launchpad,HyperXpad Launchpad,12012.829923323354,1.7271884150701817,22.998040387929503
2025-11-22,dn-404, DN-404,8222.669722519551,0.9363364268031079,2775.4944995094284
2025-11-22,nft-amm,NFT AMM,0.0,0.0,0.0
2025-11-22,src-20,SRC-20,0.0,0.0,0.0
2025-11-22,index-coop-metaverse-index,Index Coop Metaverse Index,0.0,0.0,0.0
2025-11-22,friend-tech,Friend.tech Ecosystem,0.0,0.0,0.0
2025-11-22,bitstarters-launchpad,BitStarters Launchpad,0.0,0.0,9825.624756477127
2025-11-22,puzzle-games, Puzzle Games,0.0,0.0,17.42678549670677
2025-11-22,flooring-protocol,Floor Protocol Tokens,0.0,0.0,0.0
2025-11-22,asc-20,ASC-20,0.0,0.0,0.0
2025-11-22,nft-aggregator,NFT Aggregator,0.0,0.0,0.0
2025-11-22,bridged-wavax,Bridged WAVAX,0.0,0.0,642.5965725087874
2025-11-22,bridged-wbnb,Bridged WBNB,0.0,0.0,14912.333509279058
2025-11-22,opinions-fun-ecosystem,Opinions.fun Ecosystem,0.0,0.0,0.0
2025-11-22,gate-fun-ecosystem,Gate Fun Ecosystem,0.0,0.0,0.0
2025-11-22,atomicals-arc-20,Atomicals (ARC-20),0.0,0.0,0.0
2025-11-22,dinari-ecosystem,Dinari Ecosystem,0.0,0.0,0.0
2025-11-22,tower-defense-games,Tower Defense Games,0.0,0.0,141.4984709926155
2025-11-22,ethereum-ecosystem,Ethereum Ecosystem,,,
2025-11-22,binance-smart-chain,BNB Chain Ecosystem,,,
2025-11-22,solana-ecosystem,Solana Ecosystem,,,
2025-11-22,base-ecosystem,Base Ecosystem,,,
2025-11-22,polygon-ecosystem,Polygon Ecosystem,,,
2025-11-22,arbitrum-ecosystem,Arbitrum Ecosystem,,,
2025-11-22,avalanche-ecosystem,Avalanche Ecosystem,,,
2025-11-22,fantom-ecosystem,Fantom Ecosystem,,,
2025-11-22,optimism-ecosystem,Optimism Ecosystem,,,
2025-11-22,ton-ecosystem,TON Ecosystem,,,
2025-11-22,sui-ecosystem,Sui Ecosystem,,,
2025-11-22,xdai-ecosystem,Gnosis Chain Ecosystem,,,
2025-11-22,cronos-ecosystem,Cronos Ecosystem,,,
2025-11-22,osmosis-ecosytem,Osmosis Ecosystem,,,
2025-11-22,tron-ecosystem,Tron Ecosystem,,,
2025-11-22,chiliz-ecosystem,Chiliz Ecosystem,,,
2025-11-22,blast-ecosystem,Blast Ecosystem,,,
2025-11-22,cardano-ecosystem,Cardano Ecosystem,,,
2025-11-22,bitcoin-ecosystem,Bitcoin Ecosystem,,,
2025-11-22,bittensor-ecosystem,Bittensor Ecosystem,,,
2025-11-22,sonic-ecosystem,Sonic Ecosystem,,,
2025-11-22,harmony-ecosystem,Harmony Ecosystem,,,
2025-11-22,energi-ecosystem,Energi Ecosystem,,,
2025-11-22,linea-ecosystem,Linea Ecosystem,,,
2025-11-22,hyperevm-ecosystem,HyperEVM Ecosystem,,,
2025-11-22,klaytn-ecosystem,Kaia Ecosystem,,,
2025-11-22,near-protocol-ecosystem,Near Protocol Ecosystem,,,
2025-11-22,berachain-ecosystem,Berachain Ecosystem,,,
2025-11-22,aptos-ecosystem,Aptos Ecosystem,,,
2025-11-22,xrp-ledger-ecosystem,XRP Ledger Ecosystem,,,
2025-11-22,abstract-ecosystem,Abstract Ecosystem,,,
2025-11-22,hedera-ecosystem,Hedera Ecosystem,,,
2025-11-22,bitcichain-ecosystem,Bitcichain Ecosystem,,,
2025-11-22,mantle-ecosystem,Mantle Ecosystem,,,
2025-11-22,algorand-ecosystem,Algorand Ecosystem,,,
2025-11-22,scroll-ecosystem,Scroll Ecosystem,,,
2025-11-22,celo-ecosystem,Celo Ecosystem,,,
2025-11-22,cosmos-ecosystem,Cosmos Ecosystem,,,
2025-11-22,metis-ecosystem,Metis Ecosystem,,,
2025-11-22,plume-network-ecosystem,Plume Network Ecosystem,,,
2025-11-22,tezos-ecosystem,Tezos Ecosystem,,,
2025-11-22,hyperliquid-ecosystem,Hyperliquid Ecosystem,,,
2025-11-22,moonriver-ecosystem,Moonriver Ecosystem,,,
2025-11-22,multiversx-ecosystem,MultiversX Ecosystem,,,
2025-11-22,sei-v2-ecosystem,Sei Network Ecosystem,,,
2025-11-22,sora-ecosystem,Sora Ecosystem,,,
2025-11-22,stellar-ecosystem,Stellar Ecosystem,,,
2025-11-22,x-layer-ecosystem,X Layer Ecosystem,,,
2025-11-22,core-ecosystem,Core Ecosystem,,,
2025-11-22,internet-computer-ecosystem,Internet Computer Ecosystem,,,
2025-11-22,dot-ecosystem,Polkadot Ecosystem,,,
2025-11-22,mode-ecosystem,Mode Ecosystem,,,
2025-11-22,aurora-ecosystem,Aurora Ecosystem,,,
2025-11-22,starknet-ecosystem,Starknet Ecosystem,,,
2025-11-22,ronin-ecosystem,Ronin Ecosystem,,,
2025-11-22,manta-network-ecosystem,Manta Network Ecosystem,,,
2025-11-22,terra-ecosystem,Terra Ecosystem,,,
2025-11-22,archway-ecosystem,Archway Ecosystem,,,
2025-11-22,kava-ecosystem,Kava Ecosystem,,,
2025-11-22,stacks-ecosystem,Stacks Ecosystem,,,
2025-11-22,kaspa-ecosystem,Kaspa Ecosystem,,,
2025-11-22,huobi-eco-chain-ecosystem,Huobi ECO Chain Ecosystem,,,
2025-11-22,fuse-ecosystem,Fuse Ecosystem,,,
2025-11-22,plasma-ecosystem,Plasma Ecosystem,,,
2025-11-22,unichain-ecosystem,Unichain Ecosystem,,,
2025-11-22,xdc-ecosystem,XDC Ecosystem,,,
2025-11-22,polygon-zkevm-ecosystem,Polygon zkEVM Ecosystem,,,
2025-11-22,fraxtal-ecosystem,Fraxtal Ecosystem,,,
2025-11-22,viction-ecosystem,Viction Ecosystem,,,
2025-11-22,iotex-ecosystem,IoTeX Ecosystem,,,
2025-11-22,terra-classic-ecosystem,Terra Classic Ecosystem,,,
2025-11-22,injective-ecosystem,Injective Ecosystem,,,
2025-11-22,soneium-ecosystem,Soneium Ecosystem,,,
2025-11-22,merlin-chain-ecosystem,Merlin Chain Ecosystem,,,
2025-11-22,ink-ecosystem,Ink Ecosystem,,,
2025-11-22,canto-ecosystem,Canto Ecosystem,,,
2025-11-22,zilliqa-ecosystem,Zilliqa Ecosystem,,,
2025-11-22,zetachain-ecosystem,ZetaChain Ecosystem,,,
2025-11-22,secret-ecosystem,Secret Ecosystem,,,
2025-11-22,kardiachain-ecosystem,KardiaChain Ecosystem,,,
2025-11-22,ethereumpow-ecosystem,EthereumPoW Ecosystem,,,
2025-11-22,flare-network-ecosystem,Flare Network Ecosystem,,,
2025-11-22,rootstock-ecosystem,Rootstock Ecosystem,,,
2025-11-22,shibarium,Shibarium Ecosystem,,,
2025-11-22,telos-ecosystem,Telos Ecosystem,,,
2025-11-22,radix-ecosystem,Radix Ecosystem,,,
2025-11-22,milkomeda-cardano-ecosystem,Milkomeda (Cardano) Ecosystem,,,
2025-11-22,astar-ecosystem,Astar Ecosystem,,,
2025-11-22,katana-ecosystem,Katana Ecosystem,,,
2025-11-22,apechain-ecosystem,ApeChain Ecosystem,,,
2025-11-22,dogechain-ecosystem,Dogechain Ecosystem,,,
2025-11-22,etherlink-ecosystem,Etherlink Ecosystem,,,
2025-11-22,velas-ecosystem,Velas Ecosystem,,,
2025-11-22,world-chain-ecosystem,World Chain Ecosystem,,,
2025-11-22,evmos-ecosystem,Evmos Ecosystem,,,
2025-11-22,skale-ecosystem,Skale Ecosystem,,,
2025-11-22,immutable-ecosystem,Immutable zkEVM Ecosystem,,,
2025-11-22,cronos-zkevm-ecosystem,Cronos zkEVM Ecosystem,,,
2025-11-22,meter-ecosystem,Meter Ecosystem,,,
2025-11-22,iota-evm-ecosystem,IOTA EVM Ecosystem,,,
2025-11-22,swellchain-ecosystem,Swellchain Ecosystem,,,
2025-11-22,arbitrum-nova-ecosystem,Arbitrum Nova Ecosystem,,,
2025-11-22,neon-ecosystem,Neon Ecosystem,,,
2025-11-22,opbnb-ecosystem,opBNB Ecosystem,,,
2025-11-22,flow-evm-ecosystem,Flow EVM Ecosystem,,,
2025-11-22,waves-ecosystem,Waves Ecosystem,,,
2025-11-22,hydration-ecosystem,Hydration Ecosystem,,,
2025-11-22,conflux-ecosystem,Conflux Ecosystem,,,
2025-11-22,story-ecosystem,Story Ecosystem,,,
2025-11-22,oasys-ecosystem,Oasys Ecosystem,,,
2025-11-22,wemix-ecosystem,WEMIX Ecosystem,,,
2025-11-22,hemi-ecosystem,Hemi Ecosystem,,,
2025-11-22,peaq-ecosystem,Peaq Ecosystem,,,
2025-11-22,tac-ecosystem,TAC Ecosystem,,,
2025-11-22,kujira-ecosystem,Kujira Ecosystem,,,
2025-11-22,lisk-ecosystem,Lisk Ecosystem,,,
2025-11-22,oasis-emerald-ecosystem,Oasis Emerald Ecosystem,,,
2025-11-22,ergo-ecosystem,Ergo Ecosystem,,,
2025-11-22,beam-ecosystem,Beam Ecosystem,,,
2025-11-22,eclipse-ecosystem,Eclipse Ecosystem,,,
2025-11-22,okt-chain-ecosystem,OKT Chain Ecosystem,,,
2025-11-22,zircuit-ecosystem,Zircuit Ecosystem,,,
2025-11-22,bitlayer-ecosystem,Bitlayer Ecosystem,,,
2025-11-22,bittorrent-ecosystem,BitTorrent Ecosystem,,,
2025-11-22,heco-chain-ecosystem,HECO Chain Ecosystem,,,
2025-11-22,lightlink-ecosystem,LightLink Ecosystem,,,
2025-11-22,morph-l2-ecosystem,Morph L2 Ecosystem,,,
2025-11-22,zedxion-ecosystem,Zedxion Ecosystem,,,
2025-11-22,neo-ecosystem,NEO Ecosystem,,,
2025-11-22,oec-ecosystem,OEC Ecosystem,,,
2025-11-22,kucoin-community-chain-ecosystem,Kucoin Community Chain Ecosystem,,,
2025-11-22,syscoin-nevm-ecosystem,Syscoin NEVM Ecosystem,,,
2025-11-22,wanchain-ecosystem,Wanchain Ecosystem,,,
2025-11-22,songbird-ecosystem,Songbird Ecosystem,,,
2025-11-22,boba-network-ecosystem,Boba Network Ecosystem,,,
2025-11-22,theta-ecosystem,Theta Ecosystem,,,
2025-11-22,kadena-ecosystem,Kadena Ecosystem,,,
2025-11-22,re-al-ecosystem,Re.al Ecosystem,,,
2025-11-22,elastos-smart-contract-chain-ecosystem,Elastos Smart Contract Chain Ecosystem,,,
2025-11-22,corn-ecosystem,Corn Ecosystem,,,
2025-11-22,massa-ecosystem,Massa Ecosystem,,,
2025-11-22,ethereum-classic-ecosystem,Ethereum Classic Ecosystem,,,
2025-11-22,step-network-ecosystem,Step Network Ecosystem,,,
2025-11-22,zora-ecosystem,Zora Ecosystem,,,
2025-11-22,goat-ecosystem,Goat Ecosystem,,,
2025-11-22,shimmerevm-ecosystem,ShimmerEVM Ecosystem,,,
2025-11-22,movement-ecosystem,Movement Ecosystem,,,
2025-11-22,hydra-ecosystem,Hydra Ecosystem,,,
2025-11-22,degen-ecosystem,Degen Ecosystem,,,
2025-11-22,thundercore-ecosystem,ThunderCore Ecosystem,,,
2025-11-22,wax-ecosystem,Wax Ecosystem,,,
2025-11-22,flow-ecosystem,Flow Ecosystem,,,
2025-11-22,superseed-ecosystem,Superseed Ecosystem,,,
2025-11-22,haven1-ecosystem,Haven1 Ecosystem,,,
2025-11-22,sanko-ecosystem,Sanko Ecosystem,,,
2025-11-22,smartbch-ecosystem,SmartBCH Ecosystem,,,
2025-11-22,bitrock-ecosystem,Bitrock Ecosystem,,,
2025-11-22,taraxa-ecosystem,Taraxa Ecosystem,,,
2025-11-22,bsquared-network-ecosystem,BSquared Network Ecosystem,,,
2025-11-22,vechain-ecosystem,VeChain Ecosystem,,,
2025-11-22,kroma-ecosystem,Kroma Ecosystem,,,
2025-11-22,alephium-ecosystem,Alephium Ecosystem,,,
2025-11-22,juno-ecosystem,Juno Ecosystem,,,
2025-11-22,astar-zkevm-ecosystem,Astar zkEVM Ecosystem,,,
2025-11-22,bevm-ecosystem,BEVM Ecosystem,,,
2025-11-22,edu-chain-ecosystem,EDU Chain Ecosystem,,,
2025-11-22,memecore-ecosystem,MemeCore Ecosystem,,,
2025-11-22,shido-network-ecosystem,Shido Network Ecosystem,,,
2025-11-22,gatelayer-ecosystem,GateLayer Ecosystem,,,
2025-11-22,bitgert-ecosystem,Bitgert Ecosystem,,,
2025-11-22,saga-ecosystem,Saga Ecosystem,,,
2025-11-22,q-mainnet-ecosystem,Q Mainnet Ecosystem,,,
2025-11-22,lukso-ecosystem,Lukso Ecosystem,,,
2025-11-22,laika-ecosystem,Laika Ecosystem,,,
2025-11-22,oraichain-ecosystem,Oraichain Ecosystem,,,
2025-11-22,gravity-alpha-ecosystem,Gravity Alpha Ecosystem,,,
2025-11-22,zklink-nova-ecosystem,zkLink Nova Ecosystem,,,
2025-11-22,botanix-ecosystem,Botanix Ecosystem,,,
2025-11-22,glue-ecosystem,Glue Ecosystem,,,
2025-11-22,oasis-sapphire-ecosystem,Oasis Sapphire Ecosystem,,,
2025-11-22,dfk-chain-ecosystem,DFK Chain Ecosystem,,,
2025-11-22,redbelly-network-ecosystem,Redbelly Network Ecosystem,,,
2025-11-22,mint-ecosystem,Mint Ecosystem,,,
2025-11-22,migaloo-ecosystem,Migaloo Ecosystem,,,
2025-11-22,somnia-ecosystem,Somnia Ecosystem,,,
2025-11-22,initia-ecosystem,Initia Ecosystem,,,
2025-11-22,airdao-ecosystem,AirDAO Ecosystem,,,
2025-11-22,besc-hyperchain-ecosystem,BESC HyperChain Ecosystem,,,
2025-11-22,duckchain-ecosystem,DuckChain Ecosystem,,,
2025-11-22,venom-ecosystem,Venom Ecosystem,,,
2025-11-22,bouncebit-ecosystem,BounceBit Ecosystem,,,
2025-11-22,eos-ecosystem,EOS Ecosystem,,,
2025-11-22,nibiru-ecosystem,Nibiru Ecosystem,,,
2025-11-22,0g-ecosystem,0g Ecosystem,,,
2025-11-22,mezo-ecosystem,Mezo Ecosystem,,,
2025-11-22,hela-ecosystem,HeLa Ecosystem,,,
2025-11-22,mantra-ecosystem,Mantra Ecosystem,,,
2025-11-22,pundi-aifx-omnilayer-ecosystem,Pundi AIFX Omnilayer Ecosystem,,,
2025-11-22,rss3-vsl-ecosystem,RSS3 VSL Ecosystem,,,
2025-11-22,bahamut-ecosystem,Bahamut Ecosystem,,,
2025-11-22,units-network-ecosystem,Unit0 Network Ecosystem,,,
2025-11-22,vanar-chain-ecosystem,Vanar Chain Ecosystem,,,
2025-11-22,provenance-ecosystem,Provenance Ecosystem,,,
2025-11-22,zero-network-ecosystem,Zero Network Ecosystem,,,
2025-11-22,parex-network-ecosystem,Parex Network Ecosystem,,,
2025-11-22,sx-rollup-ecosystem,SX Rollup Ecosystem,,,
2025-11-22,humanode-ecosystem,Humanode Ecosystem,,,
2025-11-22,artela-ecosystem,Artela Ecosystem,,,
2025-11-22,electroneum-ecosystem,Electroneum Ecosystem,,,
2025-11-22,ziliqa-evm-ecosystem,Ziliqa EVM Ecosystem,,,
2025-11-22,endurance-ecosystem,Endurance Ecosystem,,,
2025-11-22,vana-ecosystem,Vana Ecosystem,,,
2025-11-22,genesys-network-ecosystem,Genesys Network Ecosystem,,,
2025-11-22,larissa-ecosystem,Larissa Ecosystem,,,
2025-11-22,ql1-ecosystem,QL1 Ecosystem,,,
2025-11-22,inevm-ecosystem,inEVM Ecosystem,,,
2025-11-22,proof-of-memes-ecosystem,Proof of Memes Ecosystem,,,
2025-11-22,superposition-ecosystem,Superposition Ecosystem,,,
2025-11-22,galachain-ecosystem,GalaChain Ecosystem,,,
2025-11-22,zano-ecosystem,Zano Ecosystem,,,
2025-11-22,hashkey-chain-ecosystem,HashKey Chain Ecosystem,,,
2025-11-22,ancient8-ecosystem,Ancient8 Ecosystem,,,
2025-11-22,iota-ecosystem,IOTA Ecosystem,,,
2025-11-22,xone-ecosystem,Xone Ecosystem,,,
2025-11-22,lens-ecosystem,Lens Ecosystem,,,
2025-11-22,defiverse-ecosystem,Defiverse Ecosystem,,,
2025-11-22,xai-ecosystem,XAI Ecosystem,,,
2025-11-22,edgeware-ecosystem,Edgeware Ecosystem,,,
2025-11-22,deepbrain-chain-ecosystem,DeepBrain Chain Ecosystem,,,
2025-11-22,haqq-network-ecosystem,Haqq Network Ecosystem,,,
2025-11-22,graphlinq-ecosystem,GraphLinq Ecosystem,,,
2025-11-22,saakuru-ecosystem,Saakuru Ecosystem,,,
2025-11-22,titanchain-ecosystem,Titanchain Ecosystem,,,
2025-11-22,bayblon-genesis-ecosystem,Bayblon Genesis Ecosystem,,,
2025-11-22,chromia-ecosystem,Chromia Ecosystem,,,
2025-11-22,beamprivacy-ecosystem,BeamPrivacy Ecosystem,,,
2025-11-22,gunz-ecosystem,GUNZ Ecosystem,,,
2025-11-22,apex-chain-ecosystem,Apex Chain Ecosystem,,,
2025-11-22,loopring-ecosystem,Loopring Ecosystem,,,
2025-11-22,ultron-ecosystem,Ultron Ecosystem,,,
2025-11-22,onchain-ecosystem,Onchain Ecosystem,,,
2025-11-22,elysium-ecosystem,Elysium Ecosystem,,,
2025-11-22,aelf-ecosystem,Aelf Ecosystem,,,
2025-11-22,supra-ecosystem,Supra Ecosystem,,,
2025-11-22,mainnetz-ecosystem,Mainnetz Ecosystem,,,
2025-11-22,cyber-ecosystem,Cyber Ecosystem,,,
2025-11-22,defimetachain-ecosystem,DefiMetaChain Ecosystem,,,
2025-11-22,xrpl-evm-ecosystem,XRPL EVM Ecosystem,,,
2025-11-22,reactive-network-ecosystem,Reactive Network Ecosystem,,,
2025-11-22,voi-network-ecosystem,Voi Network Ecosystem,,,
2025-11-22,boba-bnb-ecosystem,Boba BNB Ecosystem,,,
2025-11-22,quai-network-ecosystem,Quai Network Ecosystem,,,
2025-11-22,sonic-svm-ecosystem,Sonic SVM Ecosystem,,,
2025-11-22,codex-ecosystem,Codex Ecosystem,,,
2025-11-22,graphite-network-ecosystem,Graphite Network Ecosystem,,,
2025-11-22,rari-ecosystem,Rari Ecosystem,,,
2025-11-22,8bit-chain-ecosystem,8Bit Chain Ecosystem,,,
2025-11-22,alienx-ecosystem,AlienX Ecosystem,,,
2025-11-22,celer-network,Celer Network,,,
2025-11-22,tenet-ecosystem,Tenet Ecosystem,,,
2025-11-22,icb-network-ecosystem,ICB Network Ecosystem,,,
2025-11-22,qubic-chain-ecosystem,Qubic Ecosystem,,,
2025-11-22,zenon-ecosystem,Zenon Ecosystem,,,
2025-11-22,vyvo-smart-chain-ecosystem,Vyvo Smart Chain Ecosystem,,,
2025-11-22,uton-ecosystem,UTON Ecosystem,,,
2025-11-22,nahmii-ecosystem,Nahmii Ecosystem,,,
2025-11-22,jibchain-ecosystem,Jibchain Ecosystem,,,
2025-11-22,megaeth-ecosystem,MegaETH Ecosystem,,,
2025-11-22,enuls-ecosystem,ENULS Ecosystem,,,
2025-11-22,qitmeer-network-ecosystem,Qitmeer Network Ecosystem,,,
2025-11-22,winr-ecosystem,Winr Ecosystem,,,
2025-11-22,odyssey-ecosystem,Odyssey Ecosystem,,,
2025-11-22,lamina1-ecosystem,Lamina1 Ecosystem,,,
2025-11-22,dmex-ecosystem,DMEX Ecosystem,,,
2025-11-22,eventum-ecosystem,Eventum Ecosystem,,,
2025-11-22,multivac-ecosystem,MultiVAC Ecosystem,,,
2025-11-22,kinto-ecosystem,Kinto Ecosystem,,,
2025-11-22,maxxchain-ecosystem,MaxxChain Ecosystem,,,
2025-11-22,omnia-ecosystem,Omnia Ecosystem,,,
2025-11-22,xt-smart-chain-ecosystem,XT Smart Chain Ecosystem,,,
2025-11-22,crossfi-ecosystem,CrossFi Ecosystem,,,
2025-11-22,redstone-ecosystem,Redstone Ecosystem,,,
2025-11-22,platon-network-ecosystem,PlatON Network Ecosystem,,,
2025-11-22,alveychain-ecosystem,Alveychain Ecosystem,,,
2025-11-22,combo-ecosystem,Combo Ecosystem,,,
2025-11-22,lung-ecosystem,Lung Ecosystem,,,
2025-11-22,moonchain-ecosystem,Moonchain Ecosystem,,,
2025-11-22,playa3ull-games-ecosystem,PLAYA3ULL Games Ecosystem,,,
2025-11-22,ham-ecosystem,Ham Ecosystem,,,
